{
    "accuracy": 0.9481302774427021,
    "precision": 0.8723404255319149,
    "recall": 0.7256637168141593,
    "AUC": 0.927732733475058
}
